,Name,img_url
0,Bulbasaur,https://projectpokemon.org/images/normal-sprite/bulbasaur.gif
1,Ivysaur,https://projectpokemon.org/images/normal-sprite/ivysaur.gif
2,Venusaur,https://projectpokemon.org/images/normal-sprite/venusaur.gif
3,Mega Venusaur,https://projectpokemon.org/images/normal-sprite/venusaur-mega.gif
4,Charmander,https://projectpokemon.org/images/normal-sprite/charmander.gif
5,Charmeleon,https://projectpokemon.org/images/normal-sprite/charmeleon.gif
6,Charizard,https://projectpokemon.org/images/normal-sprite/charizard.gif
7,Mega Charizard X,https://projectpokemon.org/images/normal-sprite/charizard-megax.gif
8,Mega Charizard Y,https://projectpokemon.org/images/normal-sprite/charizard-megay.gif
9,Squirtle,https://projectpokemon.org/images/normal-sprite/squirtle.gif
10,Wartortle,https://projectpokemon.org/images/normal-sprite/wartortle.gif
11,Blastoise,https://projectpokemon.org/images/normal-sprite/blastoise.gif
12,Mega Blastoise,https://projectpokemon.org/images/normal-sprite/blastoise-mega.gif
13,Caterpie,https://projectpokemon.org/images/normal-sprite/caterpie.gif
14,Metapod,https://projectpokemon.org/images/normal-sprite/metapod.gif
15,Butterfree,https://projectpokemon.org/images/normal-sprite/butterfree.gif
16,Weedle,https://projectpokemon.org/images/normal-sprite/weedle.gif
17,Kakuna,https://projectpokemon.org/images/normal-sprite/kakuna.gif
18,Beedrill,https://projectpokemon.org/images/normal-sprite/beedrill.gif
19,Mega Beedrill,https://projectpokemon.org/images/normal-sprite/beedrill-mega.gif
20,Pidgey,https://projectpokemon.org/images/normal-sprite/pidgey.gif
21,Pidgeotto,https://projectpokemon.org/images/normal-sprite/pidgeotto.gif
22,Pidgeot,https://projectpokemon.org/images/normal-sprite/pidgeot.gif
23,Mega Pidgeot,https://projectpokemon.org/images/normal-sprite/pidgeot-mega.gif
24,Rattata,https://projectpokemon.org/images/normal-sprite/rattata.gif
25,Rattata - Alola,https://projectpokemon.org/images/normal-sprite/rattata-alola.gif
26,Raticate,https://projectpokemon.org/images/normal-sprite/raticate.gif
27,Raticate - Alola,https://projectpokemon.org/images/normal-sprite/raticate-alola.gif
28,Spearow,https://projectpokemon.org/images/normal-sprite/spearow.gif
29,Fearow,https://projectpokemon.org/images/normal-sprite/fearow.gif
30,Ekans,https://projectpokemon.org/images/normal-sprite/ekans.gif
31,Arbok,https://projectpokemon.org/images/normal-sprite/arbok.gif
32,Pikachu,https://projectpokemon.org/images/normal-sprite/pikachu.gif
33,Raichu,https://projectpokemon.org/images/normal-sprite/raichu.gif
34,Raichu - Alola,https://projectpokemon.org/images/normal-sprite/raichu-alola.gif
35,Sandshrew,https://projectpokemon.org/images/normal-sprite/sandshrew.gif
36,Sandshrew - Alola,https://projectpokemon.org/images/normal-sprite/sandshrew-alola.gif
37,Sandslash,https://projectpokemon.org/images/normal-sprite/sandslash.gif
38,Sandslash - Alola,https://projectpokemon.org/images/normal-sprite/sandslash-alola.gif
39,Nidoran F,https://projectpokemon.org/images/normal-sprite/nidoran_f.gif
40,Nidorina,https://projectpokemon.org/images/normal-sprite/nidorina.gif
41,Nidoqueen,https://projectpokemon.org/images/normal-sprite/nidoqueen.gif
42,Nidoran M,https://projectpokemon.org/images/normal-sprite/nidoran_m.gif
43,Nidorino,https://projectpokemon.org/images/normal-sprite/nidorino.gif
44,Nidoking,https://projectpokemon.org/images/normal-sprite/nidoking.gif
45,Clefairy,https://projectpokemon.org/images/normal-sprite/clefairy.gif
46,Clefable,https://projectpokemon.org/images/normal-sprite/clefable.gif
47,Vulpix,https://projectpokemon.org/images/normal-sprite/vulpix.gif
48,Vulpix - Alola,https://projectpokemon.org/images/normal-sprite/vulpix-alola.gif
49,Ninetales,https://projectpokemon.org/images/normal-sprite/ninetales.gif
50,Ninetales - Alola,https://projectpokemon.org/images/normal-sprite/ninetales-alola.gif
51,Jigglypuff,https://projectpokemon.org/images/normal-sprite/jigglypuff.gif
52,Wigglytuff,https://projectpokemon.org/images/normal-sprite/wigglytuff.gif
53,Zubat,https://projectpokemon.org/images/normal-sprite/zubat.gif
54,Golbat,https://projectpokemon.org/images/normal-sprite/golbat.gif
55,Oddish,https://projectpokemon.org/images/normal-sprite/oddish.gif
56,Gloom,https://projectpokemon.org/images/normal-sprite/gloom.gif
57,Vileplume,https://projectpokemon.org/images/normal-sprite/vileplume.gif
58,Paras,https://projectpokemon.org/images/normal-sprite/paras.gif
59,Parasect,https://projectpokemon.org/images/normal-sprite/parasect.gif
60,Venonat,https://projectpokemon.org/images/normal-sprite/venonat.gif
61,Venomoth,https://projectpokemon.org/images/normal-sprite/venomoth.gif
62,Diglett,https://projectpokemon.org/images/normal-sprite/diglett.gif
63,Diglett - Alola,https://projectpokemon.org/images/normal-sprite/diglett-alola.gif
64,Dugtrio,https://projectpokemon.org/images/normal-sprite/dugtrio.gif
65,Dugtrio - Alola,https://projectpokemon.org/images/normal-sprite/dugtrio-alola.gif
66,Meowth,https://projectpokemon.org/images/normal-sprite/meowth.gif
67,Meowth - Alola,https://projectpokemon.org/images/normal-sprite/meowth-alola.gif
68,Meowth - Galarian,https://projectpokemon.org/images/normal-sprite/meowth-galar.gif
69,Persian,https://projectpokemon.org/images/normal-sprite/persian.gif
70,Persian - Alola,https://projectpokemon.org/images/normal-sprite/persian-alola.gif
71,Psyduck,https://projectpokemon.org/images/normal-sprite/psyduck.gif
72,Golduck,https://projectpokemon.org/images/normal-sprite/golduck.gif
73,Mankey,https://projectpokemon.org/images/normal-sprite/mankey.gif
74,Primeape,https://projectpokemon.org/images/normal-sprite/primeape.gif
75,Growlithe,https://projectpokemon.org/images/normal-sprite/growlithe.gif
76,Arcanine,https://projectpokemon.org/images/normal-sprite/arcanine.gif
77,Poliwag,https://projectpokemon.org/images/normal-sprite/poliwag.gif
78,Poliwhirl,https://projectpokemon.org/images/normal-sprite/poliwhirl.gif
79,Poliwrath,https://projectpokemon.org/images/normal-sprite/poliwrath.gif
80,Abra,https://projectpokemon.org/images/normal-sprite/abra.gif
81,Kadabra,https://projectpokemon.org/images/normal-sprite/kadabra.gif
82,Alakazam,https://projectpokemon.org/images/normal-sprite/alakazam.gif
83,Mega Alakazam,https://projectpokemon.org/images/normal-sprite/alakazam-mega.gif
84,Machop,https://projectpokemon.org/images/normal-sprite/machop.gif
85,Machoke,https://projectpokemon.org/images/normal-sprite/machoke.gif
86,Machamp,https://projectpokemon.org/images/normal-sprite/machamp.gif
87,Bellsprout,https://projectpokemon.org/images/normal-sprite/bellsprout.gif
88,Weepinbell,https://projectpokemon.org/images/normal-sprite/weepinbell.gif
89,Victreebel,https://projectpokemon.org/images/normal-sprite/victreebel.gif
90,Tentacool,https://projectpokemon.org/images/normal-sprite/tentacool.gif
91,Tentacruel,https://projectpokemon.org/images/normal-sprite/tentacruel.gif
92,Geodude,https://projectpokemon.org/images/normal-sprite/geodude.gif
93,Geodude - Alola,https://projectpokemon.org/images/normal-sprite/geodude-alola.gif
94,Graveler,https://projectpokemon.org/images/normal-sprite/graveler.gif
95,Graveler - Alola,https://projectpokemon.org/images/normal-sprite/graveler-alola.gif
96,Golem,https://projectpokemon.org/images/normal-sprite/golem.gif
97,Golem - Alola,https://projectpokemon.org/images/normal-sprite/golem-alola.gif
98,Ponyta,https://projectpokemon.org/images/normal-sprite/ponyta.gif
99,Ponyta - Galarian,https://projectpokemon.org/images/normal-sprite/ponyta-galar.gif
100,Rapidash,https://projectpokemon.org/images/normal-sprite/rapidash.gif
101,Rapidash - Galarian,https://projectpokemon.org/images/normal-sprite/rapidash-galar.gif
102,Slowpoke,https://projectpokemon.org/images/normal-sprite/slowpoke.gif
103,Slowpoke - Galarian,https://projectpokemon.org/images/normal-sprite/slowpoke-galar.gif
104,Slowbro,https://projectpokemon.org/images/normal-sprite/slowbro.gif
105,Slowbro - Galarian,https://projectpokemon.org/images/sprites-models/swsh-normal-sprites/slowbro-galar.gif
106,Mega Slowbro,https://projectpokemon.org/images/normal-sprite/slowbro-mega.gif
107,Magnemite,https://projectpokemon.org/images/normal-sprite/magnemite.gif
108,Magneton,https://projectpokemon.org/images/normal-sprite/magneton.gif
109,Farfetch'd,https://projectpokemon.org/images/normal-sprite/farfetchd.gif
110,Farfetch'd,https://projectpokemon.org/images/normal-sprite/farfetchd-galar.gif
111,Doduo,https://projectpokemon.org/images/normal-sprite/doduo.gif
112,Dodrio,https://projectpokemon.org/images/normal-sprite/dodrio.gif
113,Seel,https://projectpokemon.org/images/normal-sprite/seel.gif
114,Dewgong,https://projectpokemon.org/images/normal-sprite/dewgong.gif
115,Grimer,https://projectpokemon.org/images/normal-sprite/grimer.gif
116,Grimer - Alola,https://projectpokemon.org/images/normal-sprite/grimer-alola.gif
117,Muk,https://projectpokemon.org/images/normal-sprite/muk.gif
118,Muk - Alola,https://projectpokemon.org/images/normal-sprite/muk-alola.gif
119,Shellder,https://projectpokemon.org/images/normal-sprite/shellder.gif
120,Cloyster,https://projectpokemon.org/images/normal-sprite/cloyster.gif
121,Gastly,https://projectpokemon.org/images/normal-sprite/gastly.gif
122,Haunter,https://projectpokemon.org/images/normal-sprite/haunter.gif
123,Gengar,https://projectpokemon.org/images/normal-sprite/gengar.gif
124,Mega Gengar,https://projectpokemon.org/images/normal-sprite/gengar-mega.gif
125,Onix,https://projectpokemon.org/images/normal-sprite/onix.gif
126,Drowzee,https://projectpokemon.org/images/normal-sprite/drowzee.gif
127,Hypno,https://projectpokemon.org/images/normal-sprite/hypno.gif
128,Krabby,https://projectpokemon.org/images/normal-sprite/krabby.gif
129,Kingler,https://projectpokemon.org/images/normal-sprite/kingler.gif
130,Voltorb,https://projectpokemon.org/images/normal-sprite/voltorb.gif
131,Electrode,https://projectpokemon.org/images/normal-sprite/electrode.gif
132,Exeggcute,https://projectpokemon.org/images/normal-sprite/exeggcute.gif
133,Exeggutor,https://projectpokemon.org/images/normal-sprite/exeggutor.gif
134,Exeggutor - Alola,https://projectpokemon.org/images/normal-sprite/exeggutor-alola.gif
135,Cubone,https://projectpokemon.org/images/normal-sprite/cubone.gif
136,Marowak,https://projectpokemon.org/images/normal-sprite/marowak.gif
137,Marowak - Alola,https://projectpokemon.org/images/normal-sprite/marowak-alola.gif
138,Hitmonlee,https://projectpokemon.org/images/normal-sprite/hitmonlee.gif
139,Hitmonchan,https://projectpokemon.org/images/normal-sprite/hitmonchan.gif
140,Lickitung,https://projectpokemon.org/images/normal-sprite/lickitung.gif
141,Koffing,https://projectpokemon.org/images/normal-sprite/koffing.gif
142,Weezing,https://projectpokemon.org/images/normal-sprite/weezing.gif
143,Weezing - Galarian,https://projectpokemon.org/images/normal-sprite/weezing-galar.gif
144,Rhyhorn,https://projectpokemon.org/images/normal-sprite/rhyhorn.gif
145,Rhydon,https://projectpokemon.org/images/normal-sprite/rhydon.gif
146,Chansey,https://projectpokemon.org/images/normal-sprite/chansey.gif
147,Tangela,https://projectpokemon.org/images/normal-sprite/tangela.gif
148,Kangaskhan,https://projectpokemon.org/images/normal-sprite/kangaskhan.gif
149,Mega Kangaskhan,https://projectpokemon.org/images/normal-sprite/kangaskhan-mega.gif
150,Horsea,https://projectpokemon.org/images/normal-sprite/horsea.gif
151,Seadra,https://projectpokemon.org/images/normal-sprite/seadra.gif
152,Goldeen,https://projectpokemon.org/images/normal-sprite/goldeen.gif
153,Seaking,https://projectpokemon.org/images/normal-sprite/seaking.gif
154,Staryu,https://projectpokemon.org/images/normal-sprite/staryu.gif
155,Starmie,https://projectpokemon.org/images/normal-sprite/starmie.gif
156,Mr. Mime,https://projectpokemon.org/images/normal-sprite/mr.mime.gif
157,Mr. Mime - Galarian,https://projectpokemon.org/images/normal-sprite/mr.-mime-galar.gif
158,Scyther,https://projectpokemon.org/images/normal-sprite/scyther.gif
159,Jynx,https://projectpokemon.org/images/normal-sprite/jynx.gif
160,Electabuzz,https://projectpokemon.org/images/normal-sprite/electabuzz.gif
161,Magmar,https://projectpokemon.org/images/normal-sprite/magmar.gif
162,Pinsir,https://projectpokemon.org/images/normal-sprite/pinsir.gif
163,Mega Pinsir,https://projectpokemon.org/images/normal-sprite/pinsir-mega.gif
164,Tauros,https://projectpokemon.org/images/normal-sprite/tauros.gif
165,Magikarp,https://projectpokemon.org/images/normal-sprite/magikarp.gif
166,Gyarados,https://projectpokemon.org/images/normal-sprite/gyarados.gif
167,Mega Gyarados,https://projectpokemon.org/images/normal-sprite/gyarados-mega.gif
168,Lapras,https://projectpokemon.org/images/normal-sprite/lapras.gif
169,Ditto,https://projectpokemon.org/images/normal-sprite/ditto.gif
170,Eevee,https://projectpokemon.org/images/normal-sprite/eevee.gif
171,Vaporeon,https://projectpokemon.org/images/normal-sprite/vaporeon.gif
172,Jolteon,https://projectpokemon.org/images/normal-sprite/jolteon.gif
173,Flareon,https://projectpokemon.org/images/normal-sprite/flareon.gif
174,Porygon,https://projectpokemon.org/images/normal-sprite/porygon.gif
175,Omanyte,https://projectpokemon.org/images/normal-sprite/omanyte.gif
176,Omastar,https://projectpokemon.org/images/normal-sprite/omastar.gif
177,Kabuto,https://projectpokemon.org/images/normal-sprite/kabuto.gif
178,Kabutops,https://projectpokemon.org/images/normal-sprite/kabutops.gif
179,Aerodactyl,https://projectpokemon.org/images/normal-sprite/aerodactyl.gif
180,Mega Aerodactyl,https://projectpokemon.org/images/normal-sprite/aerodactyl-mega.gif
181,Snorlax,https://projectpokemon.org/images/normal-sprite/snorlax.gif
182,Articuno,https://projectpokemon.org/images/normal-sprite/articuno.gif
183,Zapdos,https://projectpokemon.org/images/normal-sprite/zapdos.gif
184,Moltres,https://projectpokemon.org/images/normal-sprite/moltres.gif
185,Dratini,https://projectpokemon.org/images/normal-sprite/dratini.gif
186,Dragonair,https://projectpokemon.org/images/normal-sprite/dragonair.gif
187,Dragonite,https://projectpokemon.org/images/normal-sprite/dragonite.gif
188,Mewtwo,https://projectpokemon.org/images/normal-sprite/mewtwo.gif
189,Mega Mewtwo X,https://projectpokemon.org/images/normal-sprite/mewtwo-megax.gif
190,Mega Mewtwo Y,https://projectpokemon.org/images/normal-sprite/mewtwo-megay.gif
191,Mew,https://projectpokemon.org/images/normal-sprite/mew.gif
192,Chikorita,https://projectpokemon.org/images/normal-sprite/chikorita.gif
193,Bayleef,https://projectpokemon.org/images/normal-sprite/bayleef.gif
194,Meganium,https://projectpokemon.org/images/normal-sprite/meganium.gif
195,Cyndaquil,https://projectpokemon.org/images/normal-sprite/cyndaquil.gif
196,Quilava,https://projectpokemon.org/images/normal-sprite/quilava.gif
197,Typhlosion,https://projectpokemon.org/images/normal-sprite/typhlosion.gif
198,Totodile,https://projectpokemon.org/images/normal-sprite/totodile.gif
199,Croconaw,https://projectpokemon.org/images/normal-sprite/croconaw.gif
200,Feraligatr,https://projectpokemon.org/images/normal-sprite/feraligatr.gif
201,Sentret,https://projectpokemon.org/images/normal-sprite/sentret.gif
202,Furret,https://projectpokemon.org/images/normal-sprite/furret.gif
203,Hoothoot,https://projectpokemon.org/images/normal-sprite/hoothoot.gif
204,Noctowl,https://projectpokemon.org/images/normal-sprite/noctowl.gif
205,Ledyba,https://projectpokemon.org/images/normal-sprite/ledyba.gif
206,Ledian,https://projectpokemon.org/images/normal-sprite/ledian.gif
207,Spinarak,https://projectpokemon.org/images/normal-sprite/spinarak.gif
208,Ariados,https://projectpokemon.org/images/normal-sprite/ariados.gif
209,Crobat,https://projectpokemon.org/images/normal-sprite/crobat.gif
210,Chinchou,https://projectpokemon.org/images/normal-sprite/chinchou.gif
211,Lanturn,https://projectpokemon.org/images/normal-sprite/lanturn.gif
212,Pichu,https://projectpokemon.org/images/normal-sprite/pichu.gif
213,Cleffa,https://projectpokemon.org/images/normal-sprite/cleffa.gif
214,Igglybuff,https://projectpokemon.org/images/normal-sprite/igglybuff.gif
215,Togepi,https://projectpokemon.org/images/normal-sprite/togepi.gif
216,Togetic,https://projectpokemon.org/images/normal-sprite/togetic.gif
217,Natu,https://projectpokemon.org/images/normal-sprite/natu.gif
218,Xatu,https://projectpokemon.org/images/normal-sprite/xatu.gif
219,Mareep,https://projectpokemon.org/images/normal-sprite/mareep.gif
220,Flaaffy,https://projectpokemon.org/images/normal-sprite/flaaffy.gif
221,Ampharos,https://projectpokemon.org/images/normal-sprite/ampharos.gif
222,Mega Ampharos,https://projectpokemon.org/images/normal-sprite/ampharos-mega.gif
223,Bellossom,https://projectpokemon.org/images/normal-sprite/bellossom.gif
224,Marill,https://projectpokemon.org/images/normal-sprite/marill.gif
225,Azumarill,https://projectpokemon.org/images/normal-sprite/azumarill.gif
226,Sudowoodo,https://projectpokemon.org/images/normal-sprite/sudowoodo.gif
227,Politoed,https://projectpokemon.org/images/normal-sprite/politoed.gif
228,Hoppip,https://projectpokemon.org/images/normal-sprite/hoppip.gif
229,Skiploom,https://projectpokemon.org/images/normal-sprite/skiploom.gif
230,Jumpluff,https://projectpokemon.org/images/normal-sprite/jumpluff.gif
231,Aipom,https://projectpokemon.org/images/normal-sprite/aipom.gif
232,Sunkern,https://projectpokemon.org/images/normal-sprite/sunkern.gif
233,Sunflora,https://projectpokemon.org/images/normal-sprite/sunflora.gif
234,Yanma,https://projectpokemon.org/images/normal-sprite/yanma.gif
235,Wooper,https://projectpokemon.org/images/normal-sprite/wooper.gif
236,Quagsire,https://projectpokemon.org/images/normal-sprite/quagsire.gif
237,Espeon,https://projectpokemon.org/images/normal-sprite/espeon.gif
238,Umbreon,https://projectpokemon.org/images/normal-sprite/umbreon.gif
239,Murkrow,https://projectpokemon.org/images/normal-sprite/murkrow.gif
240,Slowking,https://projectpokemon.org/images/normal-sprite/slowking.gif
241,Misdreavus,https://projectpokemon.org/images/normal-sprite/misdreavus.gif
242,Unown,https://projectpokemon.org/images/normal-sprite/unown.gif
243,Wobbuffet,https://projectpokemon.org/images/normal-sprite/wobbuffet.gif
244,Girafarig,https://projectpokemon.org/images/normal-sprite/girafarig.gif
245,Pineco,https://projectpokemon.org/images/normal-sprite/pineco.gif
246,Forretress,https://projectpokemon.org/images/normal-sprite/forretress.gif
247,Dunsparce,https://projectpokemon.org/images/normal-sprite/dunsparce.gif
248,Gligar,https://projectpokemon.org/images/normal-sprite/gligar.gif
249,Steelix,https://projectpokemon.org/images/normal-sprite/steelix.gif
250,Mega Steelix,https://projectpokemon.org/images/normal-sprite/steelix-mega.gif
251,Snubbull,https://projectpokemon.org/images/normal-sprite/snubbull.gif
252,Granbull,https://projectpokemon.org/images/normal-sprite/granbull.gif
253,Qwilfish,https://projectpokemon.org/images/normal-sprite/qwilfish.gif
254,Scizor,https://projectpokemon.org/images/normal-sprite/scizor.gif
255,Mega Scizor,https://projectpokemon.org/images/normal-sprite/scizor-mega.gif
256,Shuckle,https://projectpokemon.org/images/normal-sprite/shuckle.gif
257,Heracross,https://projectpokemon.org/images/normal-sprite/heracross.gif
258,Mega Heracross,https://projectpokemon.org/images/normal-sprite/heracross-mega.gif
259,Sneasel,https://projectpokemon.org/images/normal-sprite/sneasel.gif
260,Teddiursa,https://projectpokemon.org/images/normal-sprite/teddiursa.gif
261,Ursaring,https://projectpokemon.org/images/normal-sprite/ursaring.gif
262,Slugma,https://projectpokemon.org/images/normal-sprite/slugma.gif
263,Magcargo,https://projectpokemon.org/images/normal-sprite/magcargo.gif
264,Swinub,https://projectpokemon.org/images/normal-sprite/swinub.gif
265,Piloswine,https://projectpokemon.org/images/normal-sprite/piloswine.gif
266,Corsola,https://projectpokemon.org/images/normal-sprite/corsola.gif
267,Corsola - Galarian,https://projectpokemon.org/images/normal-sprite/corsola-galar.gif
268,Remoraid,https://projectpokemon.org/images/normal-sprite/remoraid.gif
269,Octillery,https://projectpokemon.org/images/normal-sprite/octillery.gif
270,Delibird,https://projectpokemon.org/images/normal-sprite/delibird.gif
271,Mantine,https://projectpokemon.org/images/normal-sprite/mantine.gif
272,Skarmory,https://projectpokemon.org/images/normal-sprite/skarmory.gif
273,Houndour,https://projectpokemon.org/images/normal-sprite/houndour.gif
274,Houndoom,https://projectpokemon.org/images/normal-sprite/houndoom.gif
275,Mega Houndoom,https://projectpokemon.org/images/normal-sprite/houndoom-mega.gif
276,Kingdra,https://projectpokemon.org/images/normal-sprite/kingdra.gif
277,Phanpy,https://projectpokemon.org/images/normal-sprite/phanpy.gif
278,Donphan,https://projectpokemon.org/images/normal-sprite/donphan.gif
279,Porygon2,https://projectpokemon.org/images/normal-sprite/porygon2.gif
280,Stantler,https://projectpokemon.org/images/normal-sprite/stantler.gif
281,Smeargle,https://projectpokemon.org/images/normal-sprite/smeargle.gif
282,Tyrogue,https://projectpokemon.org/images/normal-sprite/tyrogue.gif
283,Hitmontop,https://projectpokemon.org/images/normal-sprite/hitmontop.gif
284,Smoochum,https://projectpokemon.org/images/normal-sprite/smoochum.gif
285,Elekid,https://projectpokemon.org/images/normal-sprite/elekid.gif
286,Magby,https://projectpokemon.org/images/normal-sprite/magby.gif
287,Miltank,https://projectpokemon.org/images/normal-sprite/miltank.gif
288,Blissey,https://projectpokemon.org/images/normal-sprite/blissey.gif
289,Raikou,https://projectpokemon.org/images/normal-sprite/raikou.gif
290,Entei,https://projectpokemon.org/images/normal-sprite/entei.gif
291,Suicune,https://projectpokemon.org/images/normal-sprite/suicune.gif
292,Larvitar,https://projectpokemon.org/images/normal-sprite/larvitar.gif
293,Pupitar,https://projectpokemon.org/images/normal-sprite/pupitar.gif
294,Tyranitar,https://projectpokemon.org/images/normal-sprite/tyranitar.gif
295,Mega Tyranitar,https://projectpokemon.org/images/normal-sprite/tyranitar-mega.gif
296,Lugia,https://projectpokemon.org/images/normal-sprite/lugia.gif
297,Ho-Oh,https://projectpokemon.org/images/normal-sprite/ho-oh.gif
298,Celebi,https://projectpokemon.org/images/normal-sprite/celebi.gif
299,Treecko,https://projectpokemon.org/images/normal-sprite/treecko.gif
300,Grovyle,https://projectpokemon.org/images/normal-sprite/grovyle.gif
301,Sceptile,https://projectpokemon.org/images/normal-sprite/sceptile.gif
302,Mega Sceptile,https://projectpokemon.org/images/normal-sprite/sceptile-mega.gif
303,Torchic,https://projectpokemon.org/images/normal-sprite/torchic.gif
304,Combusken,https://projectpokemon.org/images/normal-sprite/combusken.gif
305,Blaziken,https://projectpokemon.org/images/normal-sprite/blaziken.gif
306,Mega Blaziken,https://projectpokemon.org/images/normal-sprite/blaziken-mega.gif
307,Mudkip,https://projectpokemon.org/images/normal-sprite/mudkip.gif
308,Marshtomp,https://projectpokemon.org/images/normal-sprite/marshtomp.gif
309,Swampert,https://projectpokemon.org/images/normal-sprite/swampert.gif
310,Mega Swampert,https://projectpokemon.org/images/normal-sprite/swampert-mega.gif
311,Poochyena,https://projectpokemon.org/images/normal-sprite/poochyena.gif
312,Mightyena,https://projectpokemon.org/images/normal-sprite/mightyena.gif
313,Zigzagoon,https://projectpokemon.org/images/normal-sprite/zigzagoon.gif
314,Zigzagoon - Galarian,https://projectpokemon.org/images/normal-sprite/zigzagoon-galar.gif
315,Linoone,https://projectpokemon.org/images/normal-sprite/linoone.gif
316,Linoone - Galarian,https://projectpokemon.org/images/normal-sprite/linoone-galar.gif
317,Wurmple,https://projectpokemon.org/images/normal-sprite/wurmple.gif
318,Silcoon,https://projectpokemon.org/images/normal-sprite/silcoon.gif
319,Beautifly,https://projectpokemon.org/images/normal-sprite/beautifly.gif
320,Cascoon,https://projectpokemon.org/images/normal-sprite/cascoon.gif
321,Dustox,https://projectpokemon.org/images/normal-sprite/dustox.gif
322,Lotad,https://projectpokemon.org/images/normal-sprite/lotad.gif
323,Lombre,https://projectpokemon.org/images/normal-sprite/lombre.gif
324,Ludicolo,https://projectpokemon.org/images/normal-sprite/ludicolo.gif
325,Seedot,https://projectpokemon.org/images/normal-sprite/seedot.gif
326,Nuzleaf,https://projectpokemon.org/images/normal-sprite/nuzleaf.gif
327,Shiftry,https://projectpokemon.org/images/normal-sprite/shiftry.gif
328,Taillow,https://projectpokemon.org/images/normal-sprite/taillow.gif
329,Swellow,https://projectpokemon.org/images/normal-sprite/swellow.gif
330,Wingull,https://projectpokemon.org/images/normal-sprite/wingull.gif
331,Pelipper,https://projectpokemon.org/images/normal-sprite/pelipper.gif
332,Ralts,https://projectpokemon.org/images/normal-sprite/ralts.gif
333,Kirlia,https://projectpokemon.org/images/normal-sprite/kirlia.gif
334,Gardevoir,https://projectpokemon.org/images/normal-sprite/gardevoir.gif
335,Mega Gardevoir,https://projectpokemon.org/images/normal-sprite/gardevoir-mega.gif
336,Surskit,https://projectpokemon.org/images/normal-sprite/surskit.gif
337,Masquerain,https://projectpokemon.org/images/normal-sprite/masquerain.gif
338,Shroomish,https://projectpokemon.org/images/normal-sprite/shroomish.gif
339,Breloom,https://projectpokemon.org/images/normal-sprite/breloom.gif
340,Slakoth,https://projectpokemon.org/images/normal-sprite/slakoth.gif
341,Vigoroth,https://projectpokemon.org/images/normal-sprite/vigoroth.gif
342,Slaking,https://projectpokemon.org/images/normal-sprite/slaking.gif
343,Nincada,https://projectpokemon.org/images/normal-sprite/nincada.gif
344,Ninjask,https://projectpokemon.org/images/normal-sprite/ninjask.gif
345,Shedinja,https://projectpokemon.org/images/normal-sprite/shedinja.gif
346,Whismur,https://projectpokemon.org/images/normal-sprite/whismur.gif
347,Loudred,https://projectpokemon.org/images/normal-sprite/loudred.gif
348,Exploud,https://projectpokemon.org/images/normal-sprite/exploud.gif
349,Makuhita,https://projectpokemon.org/images/normal-sprite/makuhita.gif
350,Hariyama,https://projectpokemon.org/images/normal-sprite/hariyama.gif
351,Azurill,https://projectpokemon.org/images/normal-sprite/azurill.gif
352,Nosepass,https://projectpokemon.org/images/normal-sprite/nosepass.gif
353,Skitty,https://projectpokemon.org/images/normal-sprite/skitty.gif
354,Delcatty,https://projectpokemon.org/images/normal-sprite/delcatty.gif
355,Sableye,https://projectpokemon.org/images/normal-sprite/sableye.gif
356,Mega Sableye,https://projectpokemon.org/images/normal-sprite/sableye-mega.gif
357,Mawile,https://projectpokemon.org/images/normal-sprite/mawile.gif
358,Mega Mawile,https://projectpokemon.org/images/normal-sprite/mawile-mega.gif
359,Aron,https://projectpokemon.org/images/normal-sprite/aron.gif
360,Lairon,https://projectpokemon.org/images/normal-sprite/lairon.gif
361,Aggron,https://projectpokemon.org/images/normal-sprite/aggron.gif
362,Mega Aggron,https://projectpokemon.org/images/normal-sprite/aggron-mega.gif
363,Meditite,https://projectpokemon.org/images/normal-sprite/meditite.gif
364,Medicham,https://projectpokemon.org/images/normal-sprite/medicham.gif
365,Mega Medicham,https://projectpokemon.org/images/normal-sprite/medicham-mega.gif
366,Electrike,https://projectpokemon.org/images/normal-sprite/electrike.gif
367,Manectric,https://projectpokemon.org/images/normal-sprite/manectric.gif
368,Mega Manectric,https://projectpokemon.org/images/normal-sprite/manectric-mega.gif
369,Plusle,https://projectpokemon.org/images/normal-sprite/plusle.gif
370,Minun,https://projectpokemon.org/images/normal-sprite/minun.gif
371,Volbeat,https://projectpokemon.org/images/normal-sprite/volbeat.gif
372,Illumise,https://projectpokemon.org/images/normal-sprite/illumise.gif
373,Roselia,https://projectpokemon.org/images/normal-sprite/roselia.gif
374,Gulpin,https://projectpokemon.org/images/normal-sprite/gulpin.gif
375,Swalot,https://projectpokemon.org/images/normal-sprite/swalot.gif
376,Carvanha,https://projectpokemon.org/images/normal-sprite/carvanha.gif
377,Sharpedo,https://projectpokemon.org/images/normal-sprite/sharpedo.gif
378,Mega Sharpedo,https://projectpokemon.org/images/normal-sprite/sharpedo-mega.gif
379,Wailmer,https://projectpokemon.org/images/normal-sprite/wailmer.gif
380,Wailord,https://projectpokemon.org/images/normal-sprite/wailord.gif
381,Numel,https://projectpokemon.org/images/normal-sprite/numel.gif
382,Camerupt,https://projectpokemon.org/images/normal-sprite/camerupt.gif
383,Mega Camerupt,https://projectpokemon.org/images/normal-sprite/camerupt-mega.gif
384,Torkoal,https://projectpokemon.org/images/normal-sprite/torkoal.gif
385,Spoink,https://projectpokemon.org/images/normal-sprite/spoink.gif
386,Grumpig,https://projectpokemon.org/images/normal-sprite/grumpig.gif
387,Spinda,https://projectpokemon.org/images/normal-sprite/spinda.gif
388,Trapinch,https://projectpokemon.org/images/normal-sprite/trapinch.gif
389,Vibrava,https://projectpokemon.org/images/normal-sprite/vibrava.gif
390,Flygon,https://projectpokemon.org/images/normal-sprite/flygon.gif
391,Cacnea,https://projectpokemon.org/images/normal-sprite/cacnea.gif
392,Cacturne,https://projectpokemon.org/images/normal-sprite/cacturne.gif
393,Swablu,https://projectpokemon.org/images/normal-sprite/swablu.gif
394,Altaria,https://projectpokemon.org/images/normal-sprite/altaria.gif
395,Mega Altaria,https://projectpokemon.org/images/normal-sprite/altaria-mega.gif
396,Zangoose,https://projectpokemon.org/images/normal-sprite/zangoose.gif
397,Seviper,https://projectpokemon.org/images/normal-sprite/seviper.gif
398,Lunatone,https://projectpokemon.org/images/normal-sprite/lunatone.gif
399,Solrock,https://projectpokemon.org/images/normal-sprite/solrock.gif
400,Barboach,https://projectpokemon.org/images/normal-sprite/barboach.gif
401,Whiscash,https://projectpokemon.org/images/normal-sprite/whiscash.gif
402,Corphish,https://projectpokemon.org/images/normal-sprite/corphish.gif
403,Crawdaunt,https://projectpokemon.org/images/normal-sprite/crawdaunt.gif
404,Baltoy,https://projectpokemon.org/images/normal-sprite/baltoy.gif
405,Claydol,https://projectpokemon.org/images/normal-sprite/claydol.gif
406,Lileep,https://projectpokemon.org/images/normal-sprite/lileep.gif
407,Cradily,https://projectpokemon.org/images/normal-sprite/cradily.gif
408,Anorith,https://projectpokemon.org/images/normal-sprite/anorith.gif
409,Armaldo,https://projectpokemon.org/images/normal-sprite/armaldo.gif
410,Feebas,https://projectpokemon.org/images/normal-sprite/feebas.gif
411,Milotic,https://projectpokemon.org/images/normal-sprite/milotic.gif
412,Castform,https://projectpokemon.org/images/normal-sprite/castform.gif
413,Castform - Sunny,https://projectpokemon.org/images/normal-sprite/castform-sunny.gif
414,Castform - Rainy,https://projectpokemon.org/images/normal-sprite/castform-rainy.gif
415,Castform - Snowy,https://projectpokemon.org/images/normal-sprite/castform-snowy.gif
416,Kecleon,https://projectpokemon.org/images/normal-sprite/kecleon.gif
417,Shuppet,https://projectpokemon.org/images/normal-sprite/shuppet.gif
418,Banette,https://projectpokemon.org/images/normal-sprite/banette.gif
419,Mega Banette,https://projectpokemon.org/images/normal-sprite/banette-mega.gif
420,Duskull,https://projectpokemon.org/images/normal-sprite/duskull.gif
421,Dusclops,https://projectpokemon.org/images/normal-sprite/dusclops.gif
422,Tropius,https://projectpokemon.org/images/normal-sprite/tropius.gif
423,Chimecho,https://projectpokemon.org/images/normal-sprite/chimecho.gif
424,Absol,https://projectpokemon.org/images/normal-sprite/absol.gif
425,Mega Absol,https://projectpokemon.org/images/normal-sprite/absol-mega.gif
426,Wynaut,https://projectpokemon.org/images/normal-sprite/wynaut.gif
427,Snorunt,https://projectpokemon.org/images/normal-sprite/snorunt.gif
428,Glalie,https://projectpokemon.org/images/normal-sprite/glalie.gif
429,Mega Glalie,https://projectpokemon.org/images/normal-sprite/glalie-mega.gif
430,Spheal,https://projectpokemon.org/images/normal-sprite/spheal.gif
431,Sealeo,https://projectpokemon.org/images/normal-sprite/sealeo.gif
432,Walrein,https://projectpokemon.org/images/normal-sprite/walrein.gif
433,Clamperl,https://projectpokemon.org/images/normal-sprite/clamperl.gif
434,Huntail,https://projectpokemon.org/images/normal-sprite/huntail.gif
435,Gorebyss,https://projectpokemon.org/images/normal-sprite/gorebyss.gif
436,Relicanth,https://projectpokemon.org/images/normal-sprite/relicanth.gif
437,Luvdisc,https://projectpokemon.org/images/normal-sprite/luvdisc.gif
438,Bagon,https://projectpokemon.org/images/normal-sprite/bagon.gif
439,Shelgon,https://projectpokemon.org/images/normal-sprite/shelgon.gif
440,Salamence,https://projectpokemon.org/images/normal-sprite/salamence.gif
441,Mega Salamence,https://projectpokemon.org/images/normal-sprite/salamence-mega.gif
442,Beldum,https://projectpokemon.org/images/normal-sprite/beldum.gif
443,Metang,https://projectpokemon.org/images/normal-sprite/metang.gif
444,Metagross,https://projectpokemon.org/images/normal-sprite/metagross.gif
445,Mega Metagross,https://projectpokemon.org/images/normal-sprite/metagross-mega.gif
446,Regirock,https://projectpokemon.org/images/normal-sprite/regirock.gif
447,Regice,https://projectpokemon.org/images/normal-sprite/regice.gif
448,Registeel,https://projectpokemon.org/images/normal-sprite/registeel.gif
449,Latias,https://projectpokemon.org/images/normal-sprite/latias.gif
450,Mega Latias,https://projectpokemon.org/images/normal-sprite/latias-mega.gif
451,Latios,https://projectpokemon.org/images/normal-sprite/latios.gif
452,Mega Latios,https://projectpokemon.org/images/normal-sprite/latios-mega.gif
453,Kyogre,https://projectpokemon.org/images/normal-sprite/kyogre.gif
454,Primal Kyogre,https://projectpokemon.org/images/normal-sprite/kyogre-primal.gif
455,Groudon,https://projectpokemon.org/images/normal-sprite/groudon.gif
456,Primal Groudon,https://projectpokemon.org/images/normal-sprite/groudon-primal.gif
457,Rayquaza,https://projectpokemon.org/images/normal-sprite/rayquaza.gif
458,Mega Rayquaza,https://projectpokemon.org/images/normal-sprite/rayquaza-mega.gif
459,Jirachi,https://projectpokemon.org/images/normal-sprite/jirachi.gif
460,Deoxys,https://projectpokemon.org/images/normal-sprite/deoxys.gif
461,Deoxys - Attack,https://projectpokemon.org/images/normal-sprite/deoxys-attack.gif
462,Deoxys - Defense,https://projectpokemon.org/images/normal-sprite/deoxys-defense.gif
463,Deoxys - Speed,https://projectpokemon.org/images/normal-sprite/deoxys-speed.gif
464,Turtwig,https://projectpokemon.org/images/normal-sprite/turtwig.gif
465,Grotle,https://projectpokemon.org/images/normal-sprite/grotle.gif
466,Torterra,https://projectpokemon.org/images/normal-sprite/torterra.gif
467,Chimchar,https://projectpokemon.org/images/normal-sprite/chimchar.gif
468,Monferno,https://projectpokemon.org/images/normal-sprite/monferno.gif
469,Infernape,https://projectpokemon.org/images/normal-sprite/infernape.gif
470,Piplup,https://projectpokemon.org/images/normal-sprite/piplup.gif
471,Prinplup,https://projectpokemon.org/images/normal-sprite/prinplup.gif
472,Empoleon,https://projectpokemon.org/images/normal-sprite/empoleon.gif
473,Starly,https://projectpokemon.org/images/normal-sprite/starly.gif
474,Staravia,https://projectpokemon.org/images/normal-sprite/staravia.gif
475,Staraptor,https://projectpokemon.org/images/normal-sprite/staraptor.gif
476,Bidoof,https://projectpokemon.org/images/normal-sprite/bidoof.gif
477,Bibarel,https://projectpokemon.org/images/normal-sprite/bibarel.gif
478,Kricketot,https://projectpokemon.org/images/normal-sprite/kricketot.gif
479,Kricketune,https://projectpokemon.org/images/normal-sprite/kricketune.gif
480,Shinx,https://projectpokemon.org/images/normal-sprite/shinx.gif
481,Luxio,https://projectpokemon.org/images/normal-sprite/luxio.gif
482,Luxray,https://projectpokemon.org/images/normal-sprite/luxray.gif
483,Budew,https://projectpokemon.org/images/normal-sprite/budew.gif
484,Roserade,https://projectpokemon.org/images/normal-sprite/roserade.gif
485,Cranidos,https://projectpokemon.org/images/normal-sprite/cranidos.gif
486,Rampardos,https://projectpokemon.org/images/normal-sprite/rampardos.gif
487,Shieldon,https://projectpokemon.org/images/normal-sprite/shieldon.gif
488,Bastiodon,https://projectpokemon.org/images/normal-sprite/bastiodon.gif
489,Burmy,https://projectpokemon.org/images/normal-sprite/burmy.gif
490,Burmy - Sandy,https://projectpokemon.org/images/normal-sprite/burmy-sandy.gif
491,Burmy - Trash,https://projectpokemon.org/images/normal-sprite/burmy-trash.gif
492,Wormadam,https://projectpokemon.org/images/normal-sprite/wormadam.gif
493,Wormadam - Sandy,https://projectpokemon.org/images/normal-sprite/wormadam-sandy.gif
494,Wormadam - Trash,https://projectpokemon.org/images/normal-sprite/wormadam-trash.gif
495,Mothim,https://projectpokemon.org/images/normal-sprite/mothim.gif
496,Combee,https://projectpokemon.org/images/normal-sprite/combee.gif
497,Vespiquen,https://projectpokemon.org/images/normal-sprite/vespiquen.gif
498,Pachirisu,https://projectpokemon.org/images/normal-sprite/pachirisu.gif
499,Buizel,https://projectpokemon.org/images/normal-sprite/buizel.gif
500,Floatzel,https://projectpokemon.org/images/normal-sprite/floatzel.gif
501,Cherubi,https://projectpokemon.org/images/normal-sprite/cherubi.gif
502,Cherrim,https://projectpokemon.org/images/normal-sprite/cherrim.gif
503,Cherrim - Sunshine,https://projectpokemon.org/images/normal-sprite/cherrim-sunshine.gif
504,Shellos,https://projectpokemon.org/images/normal-sprite/shellos.gif
505,Shellos - East,https://projectpokemon.org/images/normal-sprite/shellos-east.gif
506,Gastrodon,https://projectpokemon.org/images/normal-sprite/gastrodon.gif
507,Gastrodon - East,https://projectpokemon.org/images/normal-sprite/gastrodon-east.gif
508,Ambipom,https://projectpokemon.org/images/normal-sprite/ambipom.gif
509,Drifloon,https://projectpokemon.org/images/normal-sprite/drifloon.gif
510,Drifblim,https://projectpokemon.org/images/normal-sprite/drifblim.gif
511,Buneary,https://projectpokemon.org/images/normal-sprite/buneary.gif
512,Lopunny,https://projectpokemon.org/images/normal-sprite/lopunny.gif
513,Mega Lopunny,https://projectpokemon.org/images/normal-sprite/lopunny-mega.gif
514,Mismagius,https://projectpokemon.org/images/normal-sprite/mismagius.gif
515,Honchkrow,https://projectpokemon.org/images/normal-sprite/honchkrow.gif
516,Glameow,https://projectpokemon.org/images/normal-sprite/glameow.gif
517,Purugly,https://projectpokemon.org/images/normal-sprite/purugly.gif
518,Chingling,https://projectpokemon.org/images/normal-sprite/chingling.gif
519,Stunky,https://projectpokemon.org/images/normal-sprite/stunky.gif
520,Skuntank,https://projectpokemon.org/images/normal-sprite/skuntank.gif
521,Bronzor,https://projectpokemon.org/images/normal-sprite/bronzor.gif
522,Bronzong,https://projectpokemon.org/images/normal-sprite/bronzong.gif
523,Bonsly,https://projectpokemon.org/images/normal-sprite/bonsly.gif
524,Mime Jr.,https://projectpokemon.org/images/normal-sprite/mime_jr.gif
525,Happiny,https://projectpokemon.org/images/normal-sprite/happiny.gif
526,Chatot,https://projectpokemon.org/images/normal-sprite/chatot.gif
527,Spiritomb,https://projectpokemon.org/images/normal-sprite/spiritomb.gif
528,Gible,https://projectpokemon.org/images/normal-sprite/gible.gif
529,Gabite,https://projectpokemon.org/images/normal-sprite/gabite.gif
530,Garchomp,https://projectpokemon.org/images/normal-sprite/garchomp.gif
531,Mega Garchomp,https://projectpokemon.org/images/normal-sprite/garchomp-mega.gif
532,Munchlax,https://projectpokemon.org/images/normal-sprite/munchlax.gif
533,Riolu,https://projectpokemon.org/images/normal-sprite/riolu.gif
534,Lucario,https://projectpokemon.org/images/normal-sprite/lucario.gif
535,Mega Lucario,https://projectpokemon.org/images/normal-sprite/lucario-mega.gif
536,Hippopotas,https://projectpokemon.org/images/normal-sprite/hippopotas.gif
537,Hippowdon,https://projectpokemon.org/images/normal-sprite/hippowdon.gif
538,Skorupi,https://projectpokemon.org/images/normal-sprite/skorupi.gif
539,Drapion,https://projectpokemon.org/images/normal-sprite/drapion.gif
540,Croagunk,https://projectpokemon.org/images/normal-sprite/croagunk.gif
541,Toxicroak,https://projectpokemon.org/images/normal-sprite/toxicroak.gif
542,Carnivine,https://projectpokemon.org/images/normal-sprite/carnivine.gif
543,Finneon,https://projectpokemon.org/images/normal-sprite/finneon.gif
544,Lumineon,https://projectpokemon.org/images/normal-sprite/lumineon.gif
545,Mantyke,https://projectpokemon.org/images/normal-sprite/mantyke.gif
546,Snover,https://projectpokemon.org/images/normal-sprite/snover.gif
547,Abomasnow,https://projectpokemon.org/images/normal-sprite/abomasnow.gif
548,Mega Abomasnow,https://projectpokemon.org/images/normal-sprite/abomasnow-mega.gif
549,Weavile,https://projectpokemon.org/images/normal-sprite/weavile.gif
550,Magnezone,https://projectpokemon.org/images/normal-sprite/magnezone.gif
551,Lickilicky,https://projectpokemon.org/images/normal-sprite/lickilicky.gif
552,Rhyperior,https://projectpokemon.org/images/normal-sprite/rhyperior.gif
553,Tangrowth,https://projectpokemon.org/images/normal-sprite/tangrowth.gif
554,Electivire,https://projectpokemon.org/images/normal-sprite/electivire.gif
555,Magmortar,https://projectpokemon.org/images/normal-sprite/magmortar.gif
556,Togekiss,https://projectpokemon.org/images/normal-sprite/togekiss.gif
557,Yanmega,https://projectpokemon.org/images/normal-sprite/yanmega.gif
558,Leafeon,https://projectpokemon.org/images/normal-sprite/leafeon.gif
559,Glaceon,https://projectpokemon.org/images/normal-sprite/glaceon.gif
560,Gliscor,https://projectpokemon.org/images/normal-sprite/gliscor.gif
561,Mamoswine,https://projectpokemon.org/images/normal-sprite/mamoswine.gif
562,Porygon-Z,https://projectpokemon.org/images/normal-sprite/porygon-z.gif
563,Gallade,https://projectpokemon.org/images/normal-sprite/gallade.gif
564,Mega Gallade,https://projectpokemon.org/images/normal-sprite/gallade-mega.gif
565,Probopass,https://projectpokemon.org/images/normal-sprite/probopass.gif
566,Dusknoir,https://projectpokemon.org/images/normal-sprite/dusknoir.gif
567,Froslass,https://projectpokemon.org/images/normal-sprite/froslass.gif
568,Rotom,https://projectpokemon.org/images/normal-sprite/rotom.gif
569,Rotom - Heat,https://projectpokemon.org/images/normal-sprite/rotom-heat.gif
570,Rotom - Wash,https://projectpokemon.org/images/normal-sprite/rotom-wash.gif
571,Rotom - Frost,https://projectpokemon.org/images/normal-sprite/rotom-frost.gif
572,Rotom - Fan,https://projectpokemon.org/images/normal-sprite/rotom-fan.gif
573,Rotom - Mow,https://projectpokemon.org/images/normal-sprite/rotom-mow.gif
574,Uxie,https://projectpokemon.org/images/normal-sprite/uxie.gif
575,Mesprit,https://projectpokemon.org/images/normal-sprite/mesprit.gif
576,Azelf,https://projectpokemon.org/images/normal-sprite/azelf.gif
577,Dialga,https://projectpokemon.org/images/normal-sprite/dialga.gif
578,Palkia,https://projectpokemon.org/images/normal-sprite/palkia.gif
579,Heatran,https://projectpokemon.org/images/normal-sprite/heatran.gif
580,Regigigas,https://projectpokemon.org/images/normal-sprite/regigigas.gif
581,Giratina,https://projectpokemon.org/images/normal-sprite/giratina.gif
582,Giratina - Origin,https://projectpokemon.org/images/normal-sprite/giratina-origin.gif
583,Cresselia,https://projectpokemon.org/images/normal-sprite/cresselia.gif
584,Phione,https://projectpokemon.org/images/normal-sprite/phione.gif
585,Manaphy,https://projectpokemon.org/images/normal-sprite/manaphy.gif
586,Darkrai,https://projectpokemon.org/images/normal-sprite/darkrai.gif
587,Shaymin,https://projectpokemon.org/images/normal-sprite/shaymin.gif
588,Shaymin - Sky,https://projectpokemon.org/images/normal-sprite/shaymin-sky.gif
589,Arceus,https://projectpokemon.org/images/normal-sprite/arceus.gif
590,Victini,https://projectpokemon.org/images/normal-sprite/victini.gif
591,Snivy,https://projectpokemon.org/images/normal-sprite/snivy.gif
592,Servine,https://projectpokemon.org/images/normal-sprite/servine.gif
593,Serperior,https://projectpokemon.org/images/normal-sprite/serperior.gif
594,Tepig,https://projectpokemon.org/images/normal-sprite/tepig.gif
595,Pignite,https://projectpokemon.org/images/normal-sprite/pignite.gif
596,Emboar,https://projectpokemon.org/images/normal-sprite/emboar.gif
597,Oshawott,https://projectpokemon.org/images/normal-sprite/oshawott.gif
598,Dewott,https://projectpokemon.org/images/normal-sprite/dewott.gif
599,Samurott,https://projectpokemon.org/images/normal-sprite/samurott.gif
600,Patrat,https://projectpokemon.org/images/normal-sprite/patrat.gif
601,Watchog,https://projectpokemon.org/images/normal-sprite/watchog.gif
602,Lillipup,https://projectpokemon.org/images/normal-sprite/lillipup.gif
603,Herdier,https://projectpokemon.org/images/normal-sprite/herdier.gif
604,Stoutland,https://projectpokemon.org/images/normal-sprite/stoutland.gif
605,Purrloin,https://projectpokemon.org/images/normal-sprite/purrloin.gif
606,Liepard,https://projectpokemon.org/images/normal-sprite/liepard.gif
607,Pansage,https://projectpokemon.org/images/normal-sprite/pansage.gif
608,Simisage,https://projectpokemon.org/images/normal-sprite/simisage.gif
609,Pansear,https://projectpokemon.org/images/normal-sprite/pansear.gif
610,Simisear,https://projectpokemon.org/images/normal-sprite/simisear.gif
611,Panpour,https://projectpokemon.org/images/normal-sprite/panpour.gif
612,Simipour,https://projectpokemon.org/images/normal-sprite/simipour.gif
613,Munna,https://projectpokemon.org/images/normal-sprite/munna.gif
614,Musharna,https://projectpokemon.org/images/normal-sprite/musharna.gif
615,Pidove,https://projectpokemon.org/images/normal-sprite/pidove.gif
616,Tranquill,https://projectpokemon.org/images/normal-sprite/tranquill.gif
617,Unfezant,https://projectpokemon.org/images/normal-sprite/unfezant.gif
618,Blitzle,https://projectpokemon.org/images/normal-sprite/blitzle.gif
619,Zebstrika,https://projectpokemon.org/images/normal-sprite/zebstrika.gif
620,Roggenrola,https://projectpokemon.org/images/normal-sprite/roggenrola.gif
621,Boldore,https://projectpokemon.org/images/normal-sprite/boldore.gif
622,Gigalith,https://projectpokemon.org/images/normal-sprite/gigalith.gif
623,Woobat,https://projectpokemon.org/images/normal-sprite/woobat.gif
624,Swoobat,https://projectpokemon.org/images/normal-sprite/swoobat.gif
625,Drilbur,https://projectpokemon.org/images/normal-sprite/drilbur.gif
626,Excadrill,https://projectpokemon.org/images/normal-sprite/excadrill.gif
627,Audino,https://projectpokemon.org/images/normal-sprite/audino.gif
628,Mega Audino,https://projectpokemon.org/images/normal-sprite/audino-mega.gif
629,Timburr,https://projectpokemon.org/images/normal-sprite/timburr.gif
630,Gurdurr,https://projectpokemon.org/images/normal-sprite/gurdurr.gif
631,Conkeldurr,https://projectpokemon.org/images/normal-sprite/conkeldurr.gif
632,Tympole,https://projectpokemon.org/images/normal-sprite/tympole.gif
633,Palpitoad,https://projectpokemon.org/images/normal-sprite/palpitoad.gif
634,Seismitoad,https://projectpokemon.org/images/normal-sprite/seismitoad.gif
635,Throh,https://projectpokemon.org/images/normal-sprite/throh.gif
636,Sawk,https://projectpokemon.org/images/normal-sprite/sawk.gif
637,Sewaddle,https://projectpokemon.org/images/normal-sprite/sewaddle.gif
638,Swadloon,https://projectpokemon.org/images/normal-sprite/swadloon.gif
639,Leavanny,https://projectpokemon.org/images/normal-sprite/leavanny.gif
640,Venipede,https://projectpokemon.org/images/normal-sprite/venipede.gif
641,Whirlipede,https://projectpokemon.org/images/normal-sprite/whirlipede.gif
642,Scolipede,https://projectpokemon.org/images/normal-sprite/scolipede.gif
643,Cottonee,https://projectpokemon.org/images/normal-sprite/cottonee.gif
644,Whimsicott,https://projectpokemon.org/images/normal-sprite/whimsicott.gif
645,Petilil,https://projectpokemon.org/images/normal-sprite/petilil.gif
646,Lilligant,https://projectpokemon.org/images/normal-sprite/lilligant.gif
647,Basculin,https://projectpokemon.org/images/normal-sprite/basculin.gif
648,Basculin - Blue,https://projectpokemon.org/images/normal-sprite/basculin-blue.gif
649,Sandile,https://projectpokemon.org/images/normal-sprite/sandile.gif
650,Krokorok,https://projectpokemon.org/images/normal-sprite/krokorok.gif
651,Krookodile,https://projectpokemon.org/images/normal-sprite/krookodile.gif
652,Darumaka,https://projectpokemon.org/images/normal-sprite/darumaka.gif
653,Darumaka,https://projectpokemon.org/images/normal-sprite/darumaka.gif
654,Darmanitan,https://projectpokemon.org/images/normal-sprite/darmanitan.gif
655,Darmanitan - Zen Mode,https://projectpokemon.org/images/normal-sprite/darmanitan-zen.gif
656,Darmanitan - Galarian,https://projectpokemon.org/images/normal-sprite/darmanitan-galar.gif
657,Darmanitan - Galarian - Zen Mode,https://projectpokemon.org/images/normal-sprite/darmanitan-zen-galar.gif
658,Maractus,https://projectpokemon.org/images/normal-sprite/maractus.gif
659,Dwebble,https://projectpokemon.org/images/normal-sprite/dwebble.gif
660,Crustle,https://projectpokemon.org/images/normal-sprite/crustle.gif
661,Scraggy,https://projectpokemon.org/images/normal-sprite/scraggy.gif
662,Scrafty,https://projectpokemon.org/images/normal-sprite/scrafty.gif
663,Sigilyph,https://projectpokemon.org/images/normal-sprite/sigilyph.gif
664,Yamask,https://projectpokemon.org/images/normal-sprite/yamask.gif
665,Yamask,https://projectpokemon.org/images/normal-sprite/yamask.gif
666,Cofagrigus,https://projectpokemon.org/images/normal-sprite/cofagrigus.gif
667,Tirtouga,https://projectpokemon.org/images/normal-sprite/tirtouga.gif
668,Carracosta,https://projectpokemon.org/images/normal-sprite/carracosta.gif
669,Archen,https://projectpokemon.org/images/normal-sprite/archen.gif
670,Archeops,https://projectpokemon.org/images/normal-sprite/archeops.gif
671,Trubbish,https://projectpokemon.org/images/normal-sprite/trubbish.gif
672,Garbodor,https://projectpokemon.org/images/normal-sprite/garbodor.gif
673,Zorua,https://projectpokemon.org/images/normal-sprite/zorua.gif
674,Zoroark,https://projectpokemon.org/images/normal-sprite/zoroark.gif
675,Minccino,https://projectpokemon.org/images/normal-sprite/minccino.gif
676,Cinccino,https://projectpokemon.org/images/normal-sprite/cinccino.gif
677,Gothita,https://projectpokemon.org/images/normal-sprite/gothita.gif
678,Gothorita,https://projectpokemon.org/images/normal-sprite/gothorita.gif
679,Gothitelle,https://projectpokemon.org/images/normal-sprite/gothitelle.gif
680,Solosis,https://projectpokemon.org/images/normal-sprite/solosis.gif
681,Duosion,https://projectpokemon.org/images/normal-sprite/duosion.gif
682,Reuniclus,https://projectpokemon.org/images/normal-sprite/reuniclus.gif
683,Ducklett,https://projectpokemon.org/images/normal-sprite/ducklett.gif
684,Swanna,https://projectpokemon.org/images/normal-sprite/swanna.gif
685,Vanillite,https://projectpokemon.org/images/normal-sprite/vanillite.gif
686,Vanillish,https://projectpokemon.org/images/normal-sprite/vanillish.gif
687,Vanilluxe,https://projectpokemon.org/images/normal-sprite/vanilluxe.gif
688,Deerling,https://projectpokemon.org/images/normal-sprite/deerling.gif
689,Deerling - Summer,https://projectpokemon.org/images/normal-sprite/deerling-summer.gif
690,Deerling - Autumn,https://projectpokemon.org/images/normal-sprite/deerling-autumn.gif
691,Deerling - Winter,https://projectpokemon.org/images/normal-sprite/deerling-winter.gif
692,Sawsbuck,https://projectpokemon.org/images/normal-sprite/sawsbuck.gif
693,Sawsbuck - Summer,https://projectpokemon.org/images/normal-sprite/sawsbuck-summer.gif
694,Sawsbuck - Autumn,https://projectpokemon.org/images/normal-sprite/sawsbuck-autumn.gif
695,Sawsbuck - Winter,https://projectpokemon.org/images/normal-sprite/sawsbuck-winter.gif
696,Emolga,https://projectpokemon.org/images/normal-sprite/emolga.gif
697,Karrablast,https://projectpokemon.org/images/normal-sprite/karrablast.gif
698,Escavalier,https://projectpokemon.org/images/normal-sprite/escavalier.gif
699,Foongus,https://projectpokemon.org/images/normal-sprite/foongus.gif
700,Amoonguss,https://projectpokemon.org/images/normal-sprite/amoonguss.gif
701,Frillish,https://projectpokemon.org/images/normal-sprite/frillish.gif
702,Jellicent,https://projectpokemon.org/images/normal-sprite/jellicent.gif
703,Alomomola,https://projectpokemon.org/images/normal-sprite/alomomola.gif
704,Joltik,https://projectpokemon.org/images/normal-sprite/joltik.gif
705,Galvantula,https://projectpokemon.org/images/normal-sprite/galvantula.gif
706,Ferroseed,https://projectpokemon.org/images/normal-sprite/ferroseed.gif
707,Ferrothorn,https://projectpokemon.org/images/normal-sprite/ferrothorn.gif
708,Klink,https://projectpokemon.org/images/normal-sprite/klink.gif
709,Klang,https://projectpokemon.org/images/normal-sprite/klang.gif
710,Klinklang,https://projectpokemon.org/images/normal-sprite/klinklang.gif
711,Tynamo,https://projectpokemon.org/images/normal-sprite/tynamo.gif
712,Eelektrik,https://projectpokemon.org/images/normal-sprite/eelektrik.gif
713,Eelektross,https://projectpokemon.org/images/normal-sprite/eelektross.gif
714,Elgyem,https://projectpokemon.org/images/normal-sprite/elgyem.gif
715,Beheeyem,https://projectpokemon.org/images/normal-sprite/beheeyem.gif
716,Litwick,https://projectpokemon.org/images/normal-sprite/litwick.gif
717,Lampent,https://projectpokemon.org/images/normal-sprite/lampent.gif
718,Chandelure,https://projectpokemon.org/images/normal-sprite/chandelure.gif
719,Axew,https://projectpokemon.org/images/normal-sprite/axew.gif
720,Fraxure,https://projectpokemon.org/images/normal-sprite/fraxure.gif
721,Haxorus,https://projectpokemon.org/images/normal-sprite/haxorus.gif
722,Cubchoo,https://projectpokemon.org/images/normal-sprite/cubchoo.gif
723,Beartic,https://projectpokemon.org/images/normal-sprite/beartic.gif
724,Cryogonal,https://projectpokemon.org/images/normal-sprite/cryogonal.gif
725,Shelmet,https://projectpokemon.org/images/normal-sprite/shelmet.gif
726,Accelgor,https://projectpokemon.org/images/normal-sprite/accelgor.gif
727,Stunfisk,https://projectpokemon.org/images/normal-sprite/stunfisk.gif
728,Stunfisk,https://projectpokemon.org/images/normal-sprite/stunfisk.gif
729,Mienfoo,https://projectpokemon.org/images/normal-sprite/mienfoo.gif
730,Mienshao,https://projectpokemon.org/images/normal-sprite/mienshao.gif
731,Druddigon,https://projectpokemon.org/images/normal-sprite/druddigon.gif
732,Golett,https://projectpokemon.org/images/normal-sprite/golett.gif
733,Golurk,https://projectpokemon.org/images/normal-sprite/golurk.gif
734,Pawniard,https://projectpokemon.org/images/normal-sprite/pawniard.gif
735,Bisharp,https://projectpokemon.org/images/normal-sprite/bisharp.gif
736,Bouffalant,https://projectpokemon.org/images/normal-sprite/bouffalant.gif
737,Rufflet,https://projectpokemon.org/images/normal-sprite/rufflet.gif
738,Braviary,https://projectpokemon.org/images/normal-sprite/braviary.gif
739,Vullaby,https://projectpokemon.org/images/normal-sprite/vullaby.gif
740,Mandibuzz,https://projectpokemon.org/images/normal-sprite/mandibuzz.gif
741,Heatmor,https://projectpokemon.org/images/normal-sprite/heatmor.gif
742,Durant,https://projectpokemon.org/images/normal-sprite/durant.gif
743,Deino,https://projectpokemon.org/images/normal-sprite/deino.gif
744,Zweilous,https://projectpokemon.org/images/normal-sprite/zweilous.gif
745,Hydreigon,https://projectpokemon.org/images/normal-sprite/hydreigon.gif
746,Larvesta,https://projectpokemon.org/images/normal-sprite/larvesta.gif
747,Volcarona,https://projectpokemon.org/images/normal-sprite/volcarona.gif
748,Cobalion,https://projectpokemon.org/images/normal-sprite/cobalion.gif
749,Terrakion,https://projectpokemon.org/images/normal-sprite/terrakion.gif
750,Virizion,https://projectpokemon.org/images/normal-sprite/virizion.gif
751,Tornadus,https://projectpokemon.org/images/normal-sprite/tornadus.gif
752,Tornadus - Therian,https://projectpokemon.org/images/normal-sprite/tornadus-therian.gif
753,Thundurus,https://projectpokemon.org/images/normal-sprite/thundurus.gif
754,Thundurus - Therian,https://projectpokemon.org/images/normal-sprite/thundurus-therian.gif
755,Reshiram,https://projectpokemon.org/images/normal-sprite/reshiram.gif
756,Zekrom,https://projectpokemon.org/images/normal-sprite/zekrom.gif
757,Landorus,https://projectpokemon.org/images/normal-sprite/landorus.gif
758,Landorus - Therian,https://projectpokemon.org/images/normal-sprite/landorus-therian.gif
759,Kyurem,https://projectpokemon.org/images/normal-sprite/kyurem.gif
760,Kyurem - White,https://projectpokemon.org/images/normal-sprite/kyurem-white.gif
761,Kyurem - Black,https://projectpokemon.org/images/normal-sprite/kyurem-black.gif
762,Keldeo,https://projectpokemon.org/images/normal-sprite/keldeo.gif
763,Keldeo - Resolute,https://projectpokemon.org/images/normal-sprite/keldeo-resolute.gif
764,Meloetta,https://projectpokemon.org/images/normal-sprite/meloetta.gif
765,Meloetta - Pirouette,https://projectpokemon.org/images/normal-sprite/meloetta-pirouette.gif
766,Genesect,https://projectpokemon.org/images/normal-sprite/genesect.gif
767,Chespin,https://projectpokemon.org/images/normal-sprite/chespin.gif
768,Quilladin,https://projectpokemon.org/images/normal-sprite/quilladin.gif
769,Chesnaught,https://projectpokemon.org/images/normal-sprite/chesnaught.gif
770,Fennekin,https://projectpokemon.org/images/normal-sprite/fennekin.gif
771,Braixen,https://projectpokemon.org/images/normal-sprite/braixen.gif
772,Delphox,https://projectpokemon.org/images/normal-sprite/delphox.gif
773,Froakie,https://projectpokemon.org/images/normal-sprite/froakie.gif
774,Frogadier,https://projectpokemon.org/images/normal-sprite/frogadier.gif
775,Greninja,https://projectpokemon.org/images/normal-sprite/greninja.gif
776,Ash Greninja,https://projectpokemon.org/images/normal-sprite/greninja-active.gif
777,Bunnelby,https://projectpokemon.org/images/normal-sprite/bunnelby.gif
778,Diggersby,https://projectpokemon.org/images/normal-sprite/diggersby.gif
779,Fletchling,https://projectpokemon.org/images/normal-sprite/fletchling.gif
780,Fletchinder,https://projectpokemon.org/images/normal-sprite/fletchinder.gif
781,Talonflame,https://projectpokemon.org/images/normal-sprite/talonflame.gif
782,Scatterbug,https://projectpokemon.org/images/normal-sprite/scatterbug.gif
783,Spewpa,https://projectpokemon.org/images/normal-sprite/spewpa.gif
784,Vivillon,https://projectpokemon.org/images/normal-sprite/vivillon.gif
785,Litleo,https://projectpokemon.org/images/normal-sprite/litleo.gif
786,Pyroar,https://projectpokemon.org/images/normal-sprite/pyroar.gif
787,Flabebe,https://projectpokemon.org/images/normal-sprite/flabebe.gif
788,Floette,https://projectpokemon.org/images/normal-sprite/floette.gif
789,Florges,https://projectpokemon.org/images/normal-sprite/florges.gif
790,Skiddo,https://projectpokemon.org/images/normal-sprite/skiddo.gif
791,Gogoat,https://projectpokemon.org/images/normal-sprite/gogoat.gif
792,Pancham,https://projectpokemon.org/images/normal-sprite/pancham.gif
793,Pangoro,https://projectpokemon.org/images/normal-sprite/pangoro.gif
794,Furfrou,https://projectpokemon.org/images/normal-sprite/furfrou.gif
795,Espurr,https://projectpokemon.org/images/normal-sprite/espurr.gif
796,Meowstic M,https://projectpokemon.org/images/normal-sprite/meowstic.gif
797,Meowstic F,https://projectpokemon.org/images/normal-sprite/meowstic-f.gif
798,Honedge,https://projectpokemon.org/images/normal-sprite/honedge.gif
799,Doublade,https://projectpokemon.org/images/normal-sprite/doublade.gif
800,Aegislash,https://projectpokemon.org/images/normal-sprite/aegislash.gif
801,Aegislash,https://projectpokemon.org/images/normal-sprite/aegislash.gif
802,Spritzee,https://projectpokemon.org/images/normal-sprite/spritzee.gif
803,Aromatisse,https://projectpokemon.org/images/normal-sprite/aromatisse.gif
804,Swirlix,https://projectpokemon.org/images/normal-sprite/swirlix.gif
805,Slurpuff,https://projectpokemon.org/images/normal-sprite/slurpuff.gif
806,Inkay,https://projectpokemon.org/images/normal-sprite/inkay.gif
807,Malamar,https://projectpokemon.org/images/normal-sprite/malamar.gif
808,Binacle,https://projectpokemon.org/images/normal-sprite/binacle.gif
809,Barbaracle,https://projectpokemon.org/images/normal-sprite/barbaracle.gif
810,Skrelp,https://projectpokemon.org/images/normal-sprite/skrelp.gif
811,Dragalge,https://projectpokemon.org/images/normal-sprite/dragalge.gif
812,Clauncher,https://projectpokemon.org/images/normal-sprite/clauncher.gif
813,Clawitzer,https://projectpokemon.org/images/normal-sprite/clawitzer.gif
814,Helioptile,https://projectpokemon.org/images/normal-sprite/helioptile.gif
815,Heliolisk,https://projectpokemon.org/images/normal-sprite/heliolisk.gif
816,Tyrunt,https://projectpokemon.org/images/normal-sprite/tyrunt.gif
817,Tyrantrum,https://projectpokemon.org/images/normal-sprite/tyrantrum.gif
818,Amaura,https://projectpokemon.org/images/normal-sprite/amaura.gif
819,Aurorus,https://projectpokemon.org/images/normal-sprite/aurorus.gif
820,Sylveon,https://projectpokemon.org/images/normal-sprite/sylveon.gif
821,Hawlucha,https://projectpokemon.org/images/normal-sprite/hawlucha.gif
822,Dedenne,https://projectpokemon.org/images/normal-sprite/dedenne.gif
823,Carbink,https://projectpokemon.org/images/normal-sprite/carbink.gif
824,Goomy,https://projectpokemon.org/images/normal-sprite/goomy.gif
825,Sliggoo,https://projectpokemon.org/images/normal-sprite/sliggoo.gif
826,Goodra,https://projectpokemon.org/images/normal-sprite/goodra.gif
827,Klefki,https://projectpokemon.org/images/normal-sprite/klefki.gif
828,Phantump,https://projectpokemon.org/images/normal-sprite/phantump.gif
829,Trevenant,https://projectpokemon.org/images/normal-sprite/trevenant.gif
830,Pumpkaboo,https://projectpokemon.org/images/normal-sprite/pumpkaboo.gif
831,Pumpkaboo - Small,https://projectpokemon.org/images/normal-sprite/pumpkaboo-small.gif
832,Pumpkaboo - Large,https://projectpokemon.org/images/normal-sprite/pumpkaboo-large.gif
833,Pumpkaboo - Super,https://projectpokemon.org/images/normal-sprite/pumpkaboo-super.gif
834,Gourgeist,https://projectpokemon.org/images/normal-sprite/gourgeist.gif
835,Gourgeist - Small,https://projectpokemon.org/images/normal-sprite/gourgeist-small.gif
836,Gourgeist - Large,https://projectpokemon.org/images/normal-sprite/gourgeist-large.gif
837,Gourgeist - Super,https://projectpokemon.org/images/normal-sprite/gourgeist-super.gif
838,Bergmite,https://projectpokemon.org/images/normal-sprite/bergmite.gif
839,Avalugg,https://projectpokemon.org/images/normal-sprite/avalugg.gif
840,Noibat,https://projectpokemon.org/images/normal-sprite/noibat.gif
841,Noivern,https://projectpokemon.org/images/normal-sprite/noivern.gif
842,Xerneas,https://projectpokemon.org/images/normal-sprite/xerneas.gif
843,Yveltal,https://projectpokemon.org/images/normal-sprite/yveltal.gif
844,Zygarde,https://projectpokemon.org/images/normal-sprite/zygarde.gif
845,Zygarde - 10,https://projectpokemon.org/images/normal-sprite/zygarde-10.gif
846,Zygarde - Complete,https://projectpokemon.org/images/normal-sprite/zygarde-complete.gif
847,Diancie,https://projectpokemon.org/images/normal-sprite/diancie.gif
848,Mega Diancie,https://projectpokemon.org/images/normal-sprite/diancie-mega.gif
849,Hoopa,https://projectpokemon.org/images/normal-sprite/hoopa.gif
850,Hoopa - Unbound,https://projectpokemon.org/images/normal-sprite/hoopa-unbound.gif
851,Volcanion,https://projectpokemon.org/images/normal-sprite/volcanion.gif
852,Rowlet,https://projectpokemon.org/images/normal-sprite/rowlet.gif
853,Dartrix,https://projectpokemon.org/images/normal-sprite/dartrix.gif
854,Decidueye,https://projectpokemon.org/images/normal-sprite/decidueye.gif
855,Litten,https://projectpokemon.org/images/normal-sprite/litten.gif
856,Torracat,https://projectpokemon.org/images/normal-sprite/torracat.gif
857,Incineroar,https://projectpokemon.org/images/normal-sprite/incineroar.gif
858,Popplio,https://projectpokemon.org/images/normal-sprite/popplio.gif
859,Brionne,https://projectpokemon.org/images/normal-sprite/brionne.gif
860,Primarina,https://projectpokemon.org/images/normal-sprite/primarina.gif
861,Pikipek,https://projectpokemon.org/images/normal-sprite/pikipek.gif
862,Trumbeak,https://projectpokemon.org/images/normal-sprite/trumbeak.gif
863,Toucannon,https://projectpokemon.org/images/normal-sprite/toucannon.gif
864,Yungoos,https://projectpokemon.org/images/normal-sprite/yungoos.gif
865,Gumshoos,https://projectpokemon.org/images/normal-sprite/gumshoos.gif
866,Grubbin,https://projectpokemon.org/images/normal-sprite/grubbin.gif
867,Charjabug,https://projectpokemon.org/images/normal-sprite/charjabug.gif
868,Vikavolt,https://projectpokemon.org/images/normal-sprite/vikavolt.gif
869,Crabrawler,https://projectpokemon.org/images/normal-sprite/crabrawler.gif
870,Crabominable,https://projectpokemon.org/images/normal-sprite/crabominable.gif
871,Oricorio,https://projectpokemon.org/images/normal-sprite/oricorio.gif
872,Oricorio - Pom Pom,https://projectpokemon.org/images/normal-sprite/oricorio-pompom.gif
873,Oricorio - Pau,https://projectpokemon.org/images/normal-sprite/oricorio-pau.gif
874,Oricorio - Sensu,https://projectpokemon.org/images/normal-sprite/oricorio-sensu.gif
875,Cutiefly,https://projectpokemon.org/images/normal-sprite/cutiefly.gif
876,Ribombee,https://projectpokemon.org/images/normal-sprite/ribombee.gif
877,Rockruff,https://projectpokemon.org/images/normal-sprite/rockruff.gif
878,Rockruff - Own Tempo,https://projectpokemon.org/images/normal-sprite/rockruff.gif
879,Lycanroc,https://projectpokemon.org/images/normal-sprite/lycanroc.gif
880,Lycanroc - Midnight,https://projectpokemon.org/images/normal-sprite/lycanroc-midnight.gif
881,Lycanroc - Dusk,https://projectpokemon.org/images/normal-sprite/lycanroc-dusk.gif
882,Wishiwashi,https://projectpokemon.org/images/normal-sprite/wishiwashi.gif
883,Wishiwashi - School,https://projectpokemon.org/images/normal-sprite/wishiwashi-school.gif
884,Mareanie,https://projectpokemon.org/images/normal-sprite/mareanie.gif
885,Toxapex,https://projectpokemon.org/images/normal-sprite/toxapex.gif
886,Mudbray,https://projectpokemon.org/images/normal-sprite/mudbray.gif
887,Mudsdale,https://projectpokemon.org/images/normal-sprite/mudsdale.gif
888,Dewpider,https://projectpokemon.org/images/normal-sprite/dewpider.gif
889,Araquanid,https://projectpokemon.org/images/normal-sprite/araquanid.gif
890,Fomantis,https://projectpokemon.org/images/normal-sprite/fomantis.gif
891,Lurantis,https://projectpokemon.org/images/normal-sprite/lurantis.gif
892,Morelull,https://projectpokemon.org/images/normal-sprite/morelull.gif
893,Shiinotic,https://projectpokemon.org/images/normal-sprite/shiinotic.gif
894,Salandit,https://projectpokemon.org/images/normal-sprite/salandit.gif
895,Salazzle,https://projectpokemon.org/images/normal-sprite/salazzle.gif
896,Stufful,https://projectpokemon.org/images/normal-sprite/stufful.gif
897,Bewear,https://projectpokemon.org/images/normal-sprite/bewear.gif
898,Bounsweet,https://projectpokemon.org/images/normal-sprite/bounsweet.gif
899,Steenee,https://projectpokemon.org/images/normal-sprite/steenee.gif
900,Tsareena,https://projectpokemon.org/images/normal-sprite/tsareena.gif
901,Comfey,https://projectpokemon.org/images/normal-sprite/comfey.gif
902,Oranguru,https://projectpokemon.org/images/normal-sprite/oranguru.gif
903,Passimian,https://projectpokemon.org/images/normal-sprite/passimian.gif
904,Wimpod,https://projectpokemon.org/images/normal-sprite/wimpod.gif
905,Golisopod,https://projectpokemon.org/images/normal-sprite/golisopod.gif
906,Sandygast,https://projectpokemon.org/images/normal-sprite/sandygast.gif
907,Palossand,https://projectpokemon.org/images/normal-sprite/palossand.gif
908,Pyukumuku,https://projectpokemon.org/images/normal-sprite/pyukumuku.gif
909,Type: Null,https://projectpokemon.org/images/normal-sprite/typenull.gif
910,Silvally,https://projectpokemon.org/images/normal-sprite/silvally.gif
911,Minior,https://projectpokemon.org/images/normal-sprite/minior.gif
912,Minior - Core,https://projectpokemon.org/images/normal-sprite/minior-red.gif
913,Komala,https://projectpokemon.org/images/normal-sprite/komala.gif
914,Turtonator,https://projectpokemon.org/images/normal-sprite/turtonator.gif
915,Togedemaru,https://projectpokemon.org/images/normal-sprite/togedemaru.gif
916,Mimikyu,https://projectpokemon.org/images/normal-sprite/mimikyu.gif
917,Bruxish,https://projectpokemon.org/images/normal-sprite/bruxish.gif
918,Drampa,https://projectpokemon.org/images/normal-sprite/drampa.gif
919,Dhelmise,https://projectpokemon.org/images/normal-sprite/dhelmise.gif
920,Jangmo-o,https://projectpokemon.org/images/normal-sprite/jangmo-o.gif
921,Hakamo-o,https://projectpokemon.org/images/normal-sprite/hakamo-o.gif
922,Kommo-o,https://projectpokemon.org/images/normal-sprite/kommo-o.gif
923,Tapu Koko,https://projectpokemon.org/images/normal-sprite/tapukoko.gif
924,Tapu Lele,https://projectpokemon.org/images/normal-sprite/tapulele.gif
925,Tapu Bulu,https://projectpokemon.org/images/normal-sprite/tapubulu.gif
926,Tapu Fini,https://projectpokemon.org/images/normal-sprite/tapufini.gif
927,Cosmog,https://projectpokemon.org/images/normal-sprite/cosmog.gif
928,Cosmoem,https://projectpokemon.org/images/normal-sprite/cosmoem.gif
929,Solgaleo,https://projectpokemon.org/images/normal-sprite/solgaleo.gif
930,Lunala,https://projectpokemon.org/images/normal-sprite/lunala.gif
931,Nihilego,https://projectpokemon.org/images/normal-sprite/nihilego.gif
932,Buzzwole,https://projectpokemon.org/images/normal-sprite/buzzwole.gif
933,Pheromosa,https://projectpokemon.org/images/normal-sprite/pheromosa.gif
934,Xurkitree,https://projectpokemon.org/images/normal-sprite/xurkitree.gif
935,Celesteela,https://projectpokemon.org/images/normal-sprite/celesteela.gif
936,Kartana,https://projectpokemon.org/images/normal-sprite/kartana.gif
937,Guzzlord,https://projectpokemon.org/images/normal-sprite/guzzlord.gif
938,Necrozma,https://projectpokemon.org/images/normal-sprite/necrozma.gif
939,Necrozma - Dusk Mane,https://projectpokemon.org/images/normal-sprite/necrozma-dusk-mane.gif
940,Necrozma - Dawn Wings,https://projectpokemon.org/images/normal-sprite/necrozma-dawn-wings.gif
941,Necrozma - Ultra,https://projectpokemon.org/images/normal-sprite/necrozma-ultra.gif
942,Magearna,https://projectpokemon.org/images/normal-sprite/magearna.gif
943,Marshadow,https://projectpokemon.org/images/normal-sprite/marshadow.gif
944,Poipole,https://projectpokemon.org/images/normal-sprite/poipole.gif
945,Naganadel,https://projectpokemon.org/images/normal-sprite/naganadel.gif
946,Stakataka,https://projectpokemon.org/images/normal-sprite/stakataka.gif
947,Blacephalon,https://projectpokemon.org/images/normal-sprite/blacephalon.gif
948,Zeraora,https://projectpokemon.org/images/normal-sprite/zeraora.gif
949,Meltan,https://projectpokemon.org/images/normal-sprite/meltan.gif
950,Melmetal,https://projectpokemon.org/images/normal-sprite/melmetal.gif
951,Grookey,https://projectpokemon.org/images/normal-sprite/grookey.gif
952,Thwackey,https://projectpokemon.org/images/normal-sprite/thwackey.gif
953,Rillaboom,https://projectpokemon.org/images/normal-sprite/rillaboom.gif
954,Scorbunny,https://projectpokemon.org/images/normal-sprite/scorbunny.gif
955,Raboot,https://projectpokemon.org/images/normal-sprite/raboot.gif
956,Cinderace,https://projectpokemon.org/images/normal-sprite/cinderace.gif
957,Sobble,https://projectpokemon.org/images/normal-sprite/sobble.gif
958,Drizzile,https://projectpokemon.org/images/normal-sprite/drizzile.gif
959,Inteleon,https://projectpokemon.org/images/normal-sprite/inteleon.gif
960,Skwovet,https://projectpokemon.org/images/normal-sprite/skwovet.gif
961,Greedent,https://projectpokemon.org/images/normal-sprite/greedent.gif
962,Rookidee,https://projectpokemon.org/images/normal-sprite/rookidee.gif
963,Corvisquire,https://projectpokemon.org/images/normal-sprite/corvisquire.gif
964,Corviknight,https://projectpokemon.org/images/normal-sprite/corviknight.gif
965,Blipbug,https://projectpokemon.org/images/normal-sprite/blipbug.gif
966,Dottler,https://projectpokemon.org/images/normal-sprite/dottler.gif
967,Orbeetle,https://projectpokemon.org/images/normal-sprite/orbeetle.gif
968,Nickit,https://projectpokemon.org/images/normal-sprite/nickit.gif
969,Thievul,https://projectpokemon.org/images/normal-sprite/thievul.gif
970,Gossifleur,https://projectpokemon.org/images/normal-sprite/gossifleur.gif
971,Eldegoss,https://projectpokemon.org/images/normal-sprite/eldegoss.gif
972,Wooloo,https://projectpokemon.org/images/normal-sprite/wooloo.gif
973,Dubwool,https://projectpokemon.org/images/normal-sprite/dubwool.gif
974,Chewtle,https://projectpokemon.org/images/normal-sprite/chewtle.gif
975,Drednaw,https://projectpokemon.org/images/normal-sprite/drednaw.gif
976,Yamper,https://projectpokemon.org/images/normal-sprite/yamper.gif
977,Boltund,https://projectpokemon.org/images/normal-sprite/boltund.gif
978,Rolycoly,https://projectpokemon.org/images/normal-sprite/rolycoly.gif
979,Carkol,https://projectpokemon.org/images/normal-sprite/carkol.gif
980,Coalossal,https://projectpokemon.org/images/normal-sprite/coalossal.gif
981,Applin,https://projectpokemon.org/images/normal-sprite/applin.gif
982,Flapple,https://projectpokemon.org/images/normal-sprite/flapple.gif
983,Appletun,https://projectpokemon.org/images/normal-sprite/appletun.gif
984,Silicobra,https://projectpokemon.org/images/normal-sprite/silicobra.gif
985,Sandaconda,https://projectpokemon.org/images/normal-sprite/sandaconda.gif
986,Cramorant,https://projectpokemon.org/images/normal-sprite/cramorant.gif
987,Arrokuda,https://projectpokemon.org/images/normal-sprite/arrokuda.gif
988,Barraskewda,https://projectpokemon.org/images/normal-sprite/barraskewda.gif
989,Toxel,https://projectpokemon.org/images/normal-sprite/toxel.gif
990,Toxtricity,https://projectpokemon.org/images/normal-sprite/toxtricity.gif
991,Toxtricity,https://projectpokemon.org/images/normal-sprite/toxtricity.gif
992,Sizzlipede,https://projectpokemon.org/images/normal-sprite/sizzlipede.gif
993,Centiskorch,https://projectpokemon.org/images/normal-sprite/centiskorch.gif
994,Clobbopus,https://projectpokemon.org/images/normal-sprite/clobbopus.gif
995,Grapploct,https://projectpokemon.org/images/normal-sprite/grapploct.gif
996,Sinistea,https://projectpokemon.org/images/normal-sprite/sinistea.gif
997,Polteageist,https://projectpokemon.org/images/normal-sprite/polteageist.gif
998,Hatenna,https://projectpokemon.org/images/normal-sprite/hatenna.gif
999,Hattrem,https://projectpokemon.org/images/normal-sprite/hattrem.gif
1000,Hatterene,https://projectpokemon.org/images/normal-sprite/hatterene.gif
1001,Impidimp,https://projectpokemon.org/images/normal-sprite/impidimp.gif
1002,Morgrem,https://projectpokemon.org/images/normal-sprite/morgrem.gif
1003,Grimmsnarl,https://projectpokemon.org/images/normal-sprite/grimmsnarl.gif
1004,Obstagoon,https://projectpokemon.org/images/normal-sprite/obstagoon.gif
1005,Perrserker,https://projectpokemon.org/images/normal-sprite/perrserker.gif
1006,Cursola,https://projectpokemon.org/images/normal-sprite/cursola.gif
1007,Sirfetch'd,https://projectpokemon.org/images/sprites-models/swsh-normal-sprites/sirfetchd.gif
1008,Mr. Rime,https://projectpokemon.org/images/normal-sprite/mr.rime.gif
1009,Runerigus,https://projectpokemon.org/images/normal-sprite/runerigus.gif
1010,Milcery,https://projectpokemon.org/images/normal-sprite/milcery.gif
1011,Alcremie,https://projectpokemon.org/images/normal-sprite/alcremie.gif
1012,Falinks,https://projectpokemon.org/images/normal-sprite/falinks.gif
1013,Pincurchin,https://projectpokemon.org/images/normal-sprite/pincurchin.gif
1014,Snom,https://projectpokemon.org/images/normal-sprite/snom.gif
1015,Frosmoth,https://projectpokemon.org/images/normal-sprite/frosmoth.gif
1016,Stonjourner,https://projectpokemon.org/images/normal-sprite/stonjourner.gif
1017,Eiscue - Ice Face,https://projectpokemon.org/images/normal-sprite/eiscue.gif
1018,Eiscue - Noice Face,https://projectpokemon.org/images/normal-sprite/eiscue-noice-face.gif
1019,Indeedee M,https://projectpokemon.org/images/normal-sprite/indeedee.gif
1020,Indeedee F,https://projectpokemon.org/images/normal-sprite/indeedee-f.gif
1021,Morpeko,https://projectpokemon.org/images/normal-sprite/morpeko.gif
1022,Cufant,https://projectpokemon.org/images/normal-sprite/cufant.gif
1023,Copperajah,https://projectpokemon.org/images/normal-sprite/copperajah.gif
1024,Dracozolt,https://projectpokemon.org/images/normal-sprite/dracozolt.gif
1025,Arctozolt,https://projectpokemon.org/images/normal-sprite/arctozolt.gif
1026,Dracovish,https://projectpokemon.org/images/normal-sprite/dracovish.gif
1027,Arctovish,https://projectpokemon.org/images/normal-sprite/arctovish.gif
1028,Duraludon,https://projectpokemon.org/images/normal-sprite/duraludon.gif
1029,Dreepy,https://projectpokemon.org/images/normal-sprite/dreepy.gif
1030,Drakloak,https://projectpokemon.org/images/normal-sprite/drakloak.gif
1031,Dragapult,https://projectpokemon.org/images/normal-sprite/dragapult.gif
1032,Zacian,https://projectpokemon.org/images/normal-sprite/zacian.gif
1033,Zacian - Crowned Sword,https://projectpokemon.org/images/normal-sprite/zacian-crowned-sword.gif
1034,Zamazenta,https://projectpokemon.org/images/normal-sprite/zamazenta.gif
1035,Zamazenta - Crowned Shield,https://projectpokemon.org/images/normal-sprite/zamazenta-crowned-shield.gif
1036,Eternatus,https://projectpokemon.org/images/normal-sprite/eternatus.gif
1037,Kubfu,https://projectpokemon.org/images/sprites-models/swsh-normal-sprites/kubfu.gif
1038,Urshifu,https://projectpokemon.org/images/sprites-models/swsh-normal-sprites/urshifu.gif
1039,Urshifu - Rapid Strike,https://projectpokemon.org/images/sprites-models/swsh-normal-sprites/urshifu-rapid-strike.gif
1040,Zarude,https://projectpokemon.org/images/sprites-models/swsh-normal-sprites/zarude.gif
